user_id,name,age,email,country,is_active
1,User1,48,user1@example.com,Australia,False
2,User2,20,user2@example.com,China,True
3,User3,51,user3@example.com,UK,False
4,User4,36,user4@example.com,UK,True
5,User5,25,user5@example.com,UK,False
6,User6,32,user6@example.com,Australia,False
7,User7,28,user7@example.com,USA,True
8,User8,29,user8@example.com,UK,True
9,User9,35,user9@example.com,China,False
10,User10,31,user10@example.com,China,True
11,User11,54,user11@example.com,Australia,True
12,User12,24,user12@example.com,USA,True
13,User13,54,user13@example.com,India,False
14,User14,39,user14@example.com,UK,False
15,User15,29,user15@example.com,India,False
16,User16,53,user16@example.com,China,True
17,User17,28,user17@example.com,Australia,False
18,User18,53,user18@example.com,UK,True
19,User19,45,user19@example.com,Australia,False
20,User20,20,user20@example.com,UK,True
